Mutated Sequence,Raw PLL,Relative PLL
AYYYGTSYGVL,-1.7146729230880737,-0.01356363296508789
CYYYGTSYGVL,-1.7134759426116943,-0.012366652488708496
DYYYGTSYGVL,-1.7134132385253906,-0.012303948402404785
EYYYGTSYGVL,-1.724075436592102,-0.02296614646911621
FYYYGTSYGVL,-1.707693099975586,-0.006583809852600098
GYYYGTSYGVL,-1.7114957571029663,-0.010386466979980469
HYYYGTSYGVL,-1.7026197910308838,-0.0015105009078979492
IYYYGTSYGVL,-1.7081725597381592,-0.00706326961517334
KYYYGTSYGVL,-1.7203161716461182,-0.019206881523132324
LYYYGTSYGVL,-1.7011092901229858,0.0
MYYYGTSYGVL,-1.7212839126586914,-0.020174622535705566
NYYYGTSYGVL,-1.7107900381088257,-0.009680747985839844
PYYYGTSYGVL,-1.702189326286316,-0.0010800361633300781
QYYYGTSYGVL,-1.7101850509643555,-0.009075760841369629
RYYYGTSYGVL,-1.712637186050415,-0.0115278959274292
SYYYGTSYGVL,-1.7034562826156616,-0.0023469924926757812
TYYYGTSYGVL,-1.7085472345352173,-0.007437944412231445
VYYYGTSYGVL,-1.7126353979110718,-0.011526107788085938
WYYYGTSYGVL,-1.725893497467041,-0.024784207344055176
YYYYGTSYGVL,-1.7077441215515137,-0.006634831428527832
LAYYGTSYGVL,-1.7299585342407227,-0.028849244117736816
LCYYGTSYGVL,-1.7245323657989502,-0.023423075675964355
LDYYGTSYGVL,-1.715424656867981,-0.014315366744995117
LEYYGTSYGVL,-1.7313976287841797,-0.030288338661193848
LFYYGTSYGVL,-1.720757246017456,-0.019647955894470215
LGYYGTSYGVL,-1.7228505611419678,-0.021741271018981934
LHYYGTSYGVL,-1.7124053239822388,-0.01129603385925293
LIYYGTSYGVL,-1.7165402173995972,-0.015430927276611328
LKYYGTSYGVL,-1.7297956943511963,-0.02868640422821045
LLYYGTSYGVL,-1.7181410789489746,-0.01703178882598877
LMYYGTSYGVL,-1.736609935760498,-0.03550064563751221
LNYYGTSYGVL,-1.7086701393127441,-0.007560849189758301
LPYYGTSYGVL,-1.724801778793335,-0.02369248867034912
LQYYGTSYGVL,-1.7348840236663818,-0.033774733543395996
LRYYGTSYGVL,-1.7294259071350098,-0.028316617012023926
LSYYGTSYGVL,-1.7182449102401733,-0.0171356201171875
LTYYGTSYGVL,-1.7266507148742676,-0.02554142475128174
LVYYGTSYGVL,-1.7282905578613281,-0.027181267738342285
LWYYGTSYGVL,-1.7362726926803589,-0.03516340255737305
LYYYGTSYGVL,-1.7011092901229858,0.0
LYAYGTSYGVL,-1.7525385618209839,-0.05142927169799805
LYCYGTSYGVL,-1.7221992015838623,-0.021089911460876465
LYDYGTSYGVL,-1.7254340648651123,-0.024324774742126465
LYEYGTSYGVL,-1.7529869079589844,-0.051877617835998535
LYFYGTSYGVL,-1.7273368835449219,-0.026227593421936035
LYGYGTSYGVL,-1.7449477910995483,-0.0438385009765625
LYHYGTSYGVL,-1.7329338788986206,-0.031824588775634766
LYIYGTSYGVL,-1.749764323234558,-0.048655033111572266
LYKYGTSYGVL,-1.7521438598632812,-0.05103456974029541
LYLYGTSYGVL,-1.7492927312850952,-0.048183441162109375
LYMYGTSYGVL,-1.7571324110031128,-0.05602312088012695
LYNYGTSYGVL,-1.7319755554199219,-0.030866265296936035
LYPYGTSYGVL,-1.7552603483200073,-0.054151058197021484
LYQYGTSYGVL,-1.7568954229354858,-0.0557861328125
LYRYGTSYGVL,-1.7549641132354736,-0.05385482311248779
LYSYGTSYGVL,-1.7309536933898926,-0.02984440326690674
LYTYGTSYGVL,-1.7526814937591553,-0.051572203636169434
LYVYGTSYGVL,-1.750304102897644,-0.0491948127746582
LYWYGTSYGVL,-1.7526934146881104,-0.05158412456512451
LYYYGTSYGVL,-1.7011092901229858,0.0
LYYAGTSYGVL,-1.7312670946121216,-0.030157804489135742
LYYCGTSYGVL,-1.7258777618408203,-0.024768471717834473
LYYDGTSYGVL,-1.7196121215820312,-0.01850283145904541
LYYEGTSYGVL,-1.735769510269165,-0.0346602201461792
LYYFGTSYGVL,-1.7272356748580933,-0.026126384735107422
LYYGGTSYGVL,-1.7264742851257324,-0.025364995002746582
LYYHGTSYGVL,-1.7196990251541138,-0.01858973503112793
LYYIGTSYGVL,-1.735177993774414,-0.03406870365142822
LYYKGTSYGVL,-1.7394658327102661,-0.03835654258728027
LYYLGTSYGVL,-1.7425910234451294,-0.041481733322143555
LYYMGTSYGVL,-1.7410892248153687,-0.03997993469238281
LYYNGTSYGVL,-1.7234095335006714,-0.022300243377685547
LYYPGTSYGVL,-1.7382506132125854,-0.03714132308959961
LYYQGTSYGVL,-1.7428640127182007,-0.041754722595214844
LYYRGTSYGVL,-1.7370901107788086,-0.035980820655822754
LYYSGTSYGVL,-1.7193362712860107,-0.018226981163024902
LYYTGTSYGVL,-1.7337379455566406,-0.032628655433654785
LYYVGTSYGVL,-1.7361527681350708,-0.03504347801208496
LYYWGTSYGVL,-1.7418859004974365,-0.040776610374450684
LYYYGTSYGVL,-1.7011092901229858,0.0
LYYYATSYGVL,-1.7247796058654785,-0.023670315742492676
LYYYCTSYGVL,-1.7295500040054321,-0.02844071388244629
LYYYDTSYGVL,-1.7185440063476562,-0.01743471622467041
LYYYETSYGVL,-1.732390284538269,-0.0312809944152832
LYYYFTSYGVL,-1.745401382446289,-0.04429209232330322
LYYYGTSYGVL,-1.7011092901229858,0.0
LYYYHTSYGVL,-1.7329763174057007,-0.031867027282714844
LYYYITSYGVL,-1.7361912727355957,-0.03508198261260986
LYYYKTSYGVL,-1.7397136688232422,-0.03860437870025635
LYYYLTSYGVL,-1.7463887929916382,-0.045279502868652344
LYYYMTSYGVL,-1.7500792741775513,-0.04896998405456543
LYYYNTSYGVL,-1.7347596883773804,-0.03365039825439453
LYYYPTSYGVL,-1.7418501377105713,-0.04074084758758545
LYYYQTSYGVL,-1.7518787384033203,-0.05076944828033447
LYYYRTSYGVL,-1.7383617162704468,-0.03725242614746094
LYYYSTSYGVL,-1.7267796993255615,-0.025670409202575684
LYYYTTSYGVL,-1.736471176147461,-0.0353618860244751
LYYYVTSYGVL,-1.7211004495620728,-0.019991159439086914
LYYYWTSYGVL,-1.7462741136550903,-0.04516482353210449
LYYYYTSYGVL,-1.7397596836090088,-0.03865039348602295
LYYYGASYGVL,-1.7122414112091064,-0.011132121086120605
LYYYGCSYGVL,-1.7131237983703613,-0.012014508247375488
LYYYGDSYGVL,-1.7143540382385254,-0.01324474811553955
LYYYGESYGVL,-1.721679449081421,-0.02057015895843506
LYYYGFSYGVL,-1.7290648221969604,-0.02795553207397461
LYYYGGSYGVL,-1.7011078596115112,1.430511474609375e-06
LYYYGHSYGVL,-1.7183586359024048,-0.017249345779418945
LYYYGISYGVL,-1.708696961402893,-0.0075876712799072266
LYYYGKSYGVL,-1.7148957252502441,-0.0137864351272583
LYYYGLSYGVL,-1.7178406715393066,-0.0167313814163208
LYYYGMSYGVL,-1.7195144891738892,-0.01840519905090332
LYYYGNSYGVL,-1.7048238515853882,-0.0037145614624023438
LYYYGPSYGVL,-1.7132670879364014,-0.012157797813415527
LYYYGQSYGVL,-1.7262920141220093,-0.025182723999023438
LYYYGRSYGVL,-1.6959877014160156,0.005121588706970215
LYYYGSSYGVL,-1.6785329580307007,0.022576332092285156
LYYYGTSYGVL,-1.7011092901229858,0.0
LYYYGVSYGVL,-1.715037226676941,-0.013927936553955078
LYYYGWSYGVL,-1.7220484018325806,-0.020939111709594727
LYYYGYSYGVL,-1.7229070663452148,-0.021797776222229004
LYYYGTAYGVL,-1.7229654788970947,-0.021856188774108887
LYYYGTCYGVL,-1.723589301109314,-0.022480010986328125
LYYYGTDYGVL,-1.7187602519989014,-0.017650961875915527
LYYYGTEYGVL,-1.7307125329971313,-0.029603242874145508
LYYYGTFYGVL,-1.7267863750457764,-0.025677084922790527
LYYYGTGYGVL,-1.71830415725708,-0.01719486713409424
LYYYGTHYGVL,-1.7199866771697998,-0.018877387046813965
LYYYGTIYGVL,-1.7221670150756836,-0.021057724952697754
LYYYGTKYGVL,-1.7243021726608276,-0.023192882537841797
LYYYGTLYGVL,-1.7220014333724976,-0.02089214324951172
LYYYGTMYGVL,-1.732862114906311,-0.031752824783325195
LYYYGTNYGVL,-1.709825038909912,-0.00871574878692627
LYYYGTPYGVL,-1.7185641527175903,-0.017454862594604492
LYYYGTQYGVL,-1.7302896976470947,-0.029180407524108887
LYYYGTRYGVL,-1.7176487445831299,-0.016539454460144043
LYYYGTSYGVL,-1.7011092901229858,0.0
LYYYGTTYGVL,-1.711147427558899,-0.010038137435913086
LYYYGTVYGVL,-1.7284756898880005,-0.02736639976501465
LYYYGTWYGVL,-1.7333388328552246,-0.03222954273223877
LYYYGTYYGVL,-1.7161335945129395,-0.015024304389953613
LYYYGTSAGVL,-1.7197589874267578,-0.018649697303771973
LYYYGTSCGVL,-1.7226414680480957,-0.021532177925109863
LYYYGTSDGVL,-1.7130770683288574,-0.011967778205871582
LYYYGTSEGVL,-1.7183459997177124,-0.017236709594726562
LYYYGTSFGVL,-1.716909408569336,-0.015800118446350098
LYYYGTSGGVL,-1.7139581441879272,-0.012848854064941406
LYYYGTSHGVL,-1.7157864570617676,-0.014677166938781738
LYYYGTSIGVL,-1.7229562997817993,-0.021847009658813477
LYYYGTSKGVL,-1.7225549221038818,-0.021445631980895996
LYYYGTSLGVL,-1.7160711288452148,-0.014961838722229004
LYYYGTSMGVL,-1.7259467840194702,-0.024837493896484375
LYYYGTSNGVL,-1.718160629272461,-0.017051339149475098
LYYYGTSPGVL,-1.714247703552246,-0.013138413429260254
LYYYGTSQGVL,-1.719988465309143,-0.018879175186157227
LYYYGTSRGVL,-1.7127089500427246,-0.01159965991973877
LYYYGTSSGVL,-1.7135285139083862,-0.01241922378540039
LYYYGTSTGVL,-1.7184194326400757,-0.017310142517089844
LYYYGTSVGVL,-1.7195966243743896,-0.01848733425140381
LYYYGTSWGVL,-1.718953251838684,-0.017843961715698242
LYYYGTSYGVL,-1.7011092901229858,0.0
LYYYGTSYAVL,-1.7045681476593018,-0.003458857536315918
LYYYGTSYCVL,-1.7099076509475708,-0.008798360824584961
LYYYGTSYDVL,-1.703484296798706,-0.002375006675720215
LYYYGTSYEVL,-1.703302025794983,-0.0021927356719970703
LYYYGTSYFVL,-1.705161213874817,-0.004051923751831055
LYYYGTSYGVL,-1.7011092901229858,0.0
LYYYGTSYHVL,-1.7046082019805908,-0.0034989118576049805
LYYYGTSYIVL,-1.7105656862258911,-0.009456396102905273
LYYYGTSYKVL,-1.7077224254608154,-0.00661313533782959
LYYYGTSYLVL,-1.7059231996536255,-0.0048139095306396484
LYYYGTSYMVL,-1.7117857933044434,-0.01067650318145752
LYYYGTSYNVL,-1.7068226337432861,-0.005713343620300293
LYYYGTSYPVL,-1.7044401168823242,-0.003330826759338379
LYYYGTSYQVL,-1.7109453678131104,-0.009836077690124512
LYYYGTSYRVL,-1.699670433998108,0.0014388561248779297
LYYYGTSYSVL,-1.702431559562683,-0.0013222694396972656
LYYYGTSYTVL,-1.710164189338684,-0.009054899215698242
LYYYGTSYVVL,-1.7016723155975342,-0.0005630254745483398
LYYYGTSYWVL,-1.7067251205444336,-0.005615830421447754
LYYYGTSYYVL,-1.6974602937698364,0.003648996353149414
LYYYGTSYGAL,-1.698851466178894,0.002257823944091797
LYYYGTSYGCL,-1.7137770652770996,-0.01266777515411377
LYYYGTSYGDL,-1.698625087738037,0.0024842023849487305
LYYYGTSYGEL,-1.7087620496749878,-0.007652759552001953
LYYYGTSYGFL,-1.7012962102890015,-0.000186920166015625
LYYYGTSYGGL,-1.6965442895889282,0.004565000534057617
LYYYGTSYGHL,-1.7009398937225342,0.00016939640045166016
LYYYGTSYGIL,-1.7045984268188477,-0.0034891366958618164
LYYYGTSYGKL,-1.7075128555297852,-0.006403565406799316
LYYYGTSYGLL,-1.7020009756088257,-0.0008916854858398438
LYYYGTSYGML,-1.7142332792282104,-0.01312398910522461
LYYYGTSYGNL,-1.6991407871246338,0.0019685029983520508
LYYYGTSYGPL,-1.6933883428573608,0.007720947265625
LYYYGTSYGQL,-1.7106424570083618,-0.009533166885375977
LYYYGTSYGRL,-1.700871229171753,0.00023806095123291016
LYYYGTSYGSL,-1.7019461393356323,-0.0008368492126464844
LYYYGTSYGTL,-1.7012995481491089,-0.00019025802612304688
LYYYGTSYGVL,-1.7011092901229858,0.0
LYYYGTSYGWL,-1.7116732597351074,-0.010563969612121582
LYYYGTSYGYL,-1.6997655630111694,0.0013437271118164062
LYYYGTSYGVA,-1.705520510673523,-0.004411220550537109
LYYYGTSYGVC,-1.716039776802063,-0.014930486679077148
LYYYGTSYGVD,-1.7064462900161743,-0.0053369998931884766
LYYYGTSYGVE,-1.7069681882858276,-0.005858898162841797
LYYYGTSYGVF,-1.7022950649261475,-0.001185774803161621
LYYYGTSYGVG,-1.7079998254776,-0.006890535354614258
LYYYGTSYGVH,-1.7104133367538452,-0.009304046630859375
LYYYGTSYGVI,-1.7070783376693726,-0.005969047546386719
LYYYGTSYGVK,-1.7049840688705444,-0.0038747787475585938
LYYYGTSYGVL,-1.7011092901229858,0.0
LYYYGTSYGVM,-1.7062342166900635,-0.005124926567077637
LYYYGTSYGVN,-1.707808256149292,-0.006698966026306152
LYYYGTSYGVP,-1.7040342092514038,-0.0029249191284179688
LYYYGTSYGVQ,-1.71199369430542,-0.010884404182434082
LYYYGTSYGVR,-1.7048836946487427,-0.003774404525756836
LYYYGTSYGVS,-1.7032883167266846,-0.0021790266036987305
LYYYGTSYGVT,-1.7066172361373901,-0.005507946014404297
LYYYGTSYGVV,-1.7021560668945312,-0.0010467767715454102
LYYYGTSYGVW,-1.7055141925811768,-0.004404902458190918
LYYYGTSYGVY,-1.6998869180679321,0.001222372055053711
